{
  "id": "1910028",
  "name": "demo",
  "font_family": "iconfont",
  "css_prefix_text": "icon-",
  "description": "",
  "glyphs": [
    {
      "icon_id": "2528177",
      "name": "商店",
      "font_class": "home",
      "unicode": "e604",
      "unicode_decimal": 58884
    },
    {
      "icon_id": "2860502",
      "name": "加入购物车",
      "font_class": "jiarugouwuche",
      "unicode": "e6dc",
      "unicode_decimal": 59100
    },
    {
      "icon_id": "11351501",
      "name": "购物车",
      "font_class": "gouwuche1",
      "unicode": "e642",
      "unicode_decimal": 58946
    },
    {
      "icon_id": "203113",
      "name": "搜索",
      "font_class": "sousuo",
      "unicode": "e640",
      "unicode_decimal": 58944
    },
    {
      "icon_id": "689267",
      "name": "排序箭头上",
      "font_class": "paixujiantoushang",
      "unicode": "e7fe",
      "unicode_decimal": 59390
    },
    {
      "icon_id": "7711250",
      "name": "工作台",
      "font_class": "gongzuotai-copy",
      "unicode": "e600",
      "unicode_decimal": 58880
    },
    {
      "icon_id": "7946307",
      "name": "倒序",
      "font_class": "daoxu",
      "unicode": "e601",
      "unicode_decimal": 58881
    },
    {
      "icon_id": "12780415",
      "name": "电 话",
      "font_class": "dianhua",
      "unicode": "e603",
      "unicode_decimal": 58883
    },
    {
      "icon_id": "15872072",
      "name": "排序箭头下",
      "font_class": "paixujiantouxia",
      "unicode": "e60d",
      "unicode_decimal": 58893
    },
    {
      "icon_id": "12316653",
      "name": "发布",
      "font_class": "fabu",
      "unicode": "e61e",
      "unicode_decimal": 58910
    },
    {
      "icon_id": "553901",
      "name": "文档",
      "font_class": "iconset0119",
      "unicode": "e612",
      "unicode_decimal": 58898
    },
    {
      "icon_id": "1115094",
      "name": "支付宝",
      "font_class": "zhifubao",
      "unicode": "e64b",
      "unicode_decimal": 58955
    }
  ]
}
